text,label
"I am being overcharged by a subscription I never authorised and the amount is $6,750. This needs a refund urgently.",ESCALATE
I think my online banking was hacked. There are login attempts from a foreign country and I received an OTP I did not request.,ESCALATE
My credit card statement is not showing in the app. Could you refresh it on your end?,MONITOR
Could you please help me update my mailing address on file? I moved house last month.,MONITOR
My credit card statement is not showing in the app. Could you refresh it on your end?,MONITOR
I would like to know your branch opening hours on Saturday.,MONITOR
My credit card statement is not showing in the app. Could you refresh it on your end?,MONITOR
My credit card statement is not showing in the app. Could you refresh it on your end?,MONITOR
A cheque I deposited was bounced without explanation and now the payee is threatening legal action against me. I need a manager to call me today.,ESCALATE
I would like to request a replacement debit card as my current one is scratched and the chip does not read.,MONITOR
"Money has gone missing from my account. I had $15,000 in my balance this morning and now it is gone. I need this investigated immediately.",ESCALATE
"I received a call from someone claiming to be from your fraud department asking for my PIN. I think I was scammed and now $3,500 is missing.",ESCALATE
My account has been locked and I cannot access my salary. I need urgent help to release my funds today.,ESCALATE
A cheque I deposited was bounced without explanation and now the payee is threatening legal action against me. I need a manager to call me today.,ESCALATE
I received a marketing email about a credit card offer. How do I opt out of these emails?,MONITOR
A cheque I deposited was bounced without explanation and now the payee is threatening legal action against me. I need a manager to call me today.,ESCALATE
I think my online banking was hacked. There are login attempts from a foreign country and I received an OTP I did not request.,ESCALATE
I noticed a $5 administrative fee on my statement. Could you explain what this charge is for?,MONITOR
Money has gone missing from my account. I had $480 in my balance this morning and now it is gone. I need this investigated immediately.,ESCALATE
"I am being overcharged by a subscription I never authorised and the amount is $15,000. This needs a refund urgently.",ESCALATE
I noticed a $2 administrative fee on my statement. Could you explain what this charge is for?,MONITOR
Your bank wrongly closed my business account overnight and froze all my operating funds. I cannot pay my staff. This is urgent.,ESCALATE
A cheque I deposited was bounced without explanation and now the payee is threatening legal action against me. I need a manager to call me today.,ESCALATE
I want to set up a recurring transfer to my savings account on payday. Is this something I can do in the app?,MONITOR
I would like to know your branch opening hours on Saturday.,MONITOR
"Your ATM dispensed no cash but deducted $15,000 from my account. I have been waiting three days and nobody is helping.",ESCALATE
I noticed a $10 administrative fee on my statement. Could you explain what this charge is for?,MONITOR
I need a copy of my account statement for the past six months for my landlord.,MONITOR
I would like to order a new chequebook. How long does it take to arrive?,MONITOR
I think my online banking was hacked. There are login attempts from a foreign country and I received an OTP I did not request.,ESCALATE
I would like to know your branch opening hours on Saturday.,MONITOR
"I just checked my account and there is an unauthorized transaction of $6,750 that I did not make. Someone must have used my card. This is fraud.",ESCALATE
Can you tell me the current interest rate on my savings account?,MONITOR
I received a marketing email about a credit card offer. How do I opt out of these emails?,MONITOR
I would like to know your branch opening hours on Saturday.,MONITOR
"I just checked my account and there is an unauthorized transaction of $15,000 that I did not make. Someone must have used my card. This is fraud.",ESCALATE
My credit card statement is not showing in the app. Could you refresh it on your end?,MONITOR
"I just checked my account and there is an unauthorized transaction of $3,500 that I did not make. Someone must have used my card. This is fraud.",ESCALATE
Your bank wrongly closed my business account overnight and froze all my operating funds. I cannot pay my staff. This is urgent.,ESCALATE
"I received a call from someone claiming to be from your fraud department asking for my PIN. I think I was scammed and now $2,100 is missing.",ESCALATE
I forgot my online banking password and would like guidance on how to reset it myself.,MONITOR
Can you tell me the current interest rate on my savings account?,MONITOR
I was a victim of identity theft. Someone opened an account in my name and took out a loan. This needs to be escalated to your fraud team.,ESCALATE
"I received a call from someone claiming to be from your fraud department asking for my PIN. I think I was scammed and now $2,100 is missing.",ESCALATE
I would like to know your branch opening hours on Saturday.,MONITOR
Your ATM dispensed no cash but deducted $850 from my account. I have been waiting three days and nobody is helping.,ESCALATE
I think my online banking was hacked. There are login attempts from a foreign country and I received an OTP I did not request.,ESCALATE
I forgot my online banking password and would like guidance on how to reset it myself.,MONITOR
Could you please waive the monthly account fee for this month as I am a student?,MONITOR
I forgot my online banking password and would like guidance on how to reset it myself.,MONITOR
Your bank wrongly closed my business account overnight and froze all my operating funds. I cannot pay my staff. This is urgent.,ESCALATE
Can you tell me the current interest rate on my savings account?,MONITOR
"Money has gone missing from my account. I had $12,400 in my balance this morning and now it is gone. I need this investigated immediately.",ESCALATE
"Money has gone missing from my account. I had $1,200 in my balance this morning and now it is gone. I need this investigated immediately.",ESCALATE
I think my online banking was hacked. There are login attempts from a foreign country and I received an OTP I did not request.,ESCALATE
Your bank wrongly closed my business account overnight and froze all my operating funds. I cannot pay my staff. This is urgent.,ESCALATE
I need a copy of my account statement for the past six months for my landlord.,MONITOR
"I received a call from someone claiming to be from your fraud department asking for my PIN. I think I was scammed and now $15,000 is missing.",ESCALATE
I forgot my online banking password and would like guidance on how to reset it myself.,MONITOR
A cheque I deposited was bounced without explanation and now the payee is threatening legal action against me. I need a manager to call me today.,ESCALATE
"I received a call from someone claiming to be from your fraud department asking for my PIN. I think I was scammed and now $2,100 is missing.",ESCALATE
I would like to request a replacement debit card as my current one is scratched and the chip does not read.,MONITOR
I received a marketing email about a credit card offer. How do I opt out of these emails?,MONITOR
Could you please help me update my mailing address on file? I moved house last month.,MONITOR
"I am being overcharged by a subscription I never authorised and the amount is $15,000. This needs a refund urgently.",ESCALATE
My credit card statement is not showing in the app. Could you refresh it on your end?,MONITOR
I received a marketing email about a credit card offer. How do I opt out of these emails?,MONITOR
I was a victim of identity theft. Someone opened an account in my name and took out a loan. This needs to be escalated to your fraud team.,ESCALATE
I want to set up a recurring transfer to my savings account on payday. Is this something I can do in the app?,MONITOR
Can you tell me the current interest rate on my savings account?,MONITOR
My account has been locked and I cannot access my salary. I need urgent help to release my funds today.,ESCALATE
"There is a suspicious standing instruction I never set up that is transferring $12,400 every week to an unknown account. Please stop it now.",ESCALATE
A cheque I deposited was bounced without explanation and now the payee is threatening legal action against me. I need a manager to call me today.,ESCALATE
Can you tell me the current interest rate on my savings account?,MONITOR
There is a suspicious standing instruction I never set up that is transferring $320 every week to an unknown account. Please stop it now.,ESCALATE
"Your ATM dispensed no cash but deducted $12,400 from my account. I have been waiting three days and nobody is helping.",ESCALATE
I think my online banking was hacked. There are login attempts from a foreign country and I received an OTP I did not request.,ESCALATE
I want to set up a recurring transfer to my savings account on payday. Is this something I can do in the app?,MONITOR
I received a marketing email about a credit card offer. How do I opt out of these emails?,MONITOR
My account has been locked and I cannot access my salary. I need urgent help to release my funds today.,ESCALATE
A cheque I deposited was bounced without explanation and now the payee is threatening legal action against me. I need a manager to call me today.,ESCALATE
A cheque I deposited was bounced without explanation and now the payee is threatening legal action against me. I need a manager to call me today.,ESCALATE
Your bank wrongly closed my business account overnight and froze all my operating funds. I cannot pay my staff. This is urgent.,ESCALATE
My credit card statement is not showing in the app. Could you refresh it on your end?,MONITOR
I forgot my online banking password and would like guidance on how to reset it myself.,MONITOR
"Your ATM dispensed no cash but deducted $15,000 from my account. I have been waiting three days and nobody is helping.",ESCALATE
Could you please help me update my mailing address on file? I moved house last month.,MONITOR
My account has been locked and I cannot access my salary. I need urgent help to release my funds today.,ESCALATE
A cheque I deposited was bounced without explanation and now the payee is threatening legal action against me. I need a manager to call me today.,ESCALATE
"I just checked my account and there is an unauthorized transaction of $2,100 that I did not make. Someone must have used my card. This is fraud.",ESCALATE
Could you please waive the monthly account fee for this month as I am a student?,MONITOR
I think my online banking was hacked. There are login attempts from a foreign country and I received an OTP I did not request.,ESCALATE
"I am being overcharged by a subscription I never authorised and the amount is $15,000. This needs a refund urgently.",ESCALATE
My credit card statement is not showing in the app. Could you refresh it on your end?,MONITOR
Can you tell me the current interest rate on my savings account?,MONITOR
My card was cloned and used at a petrol station for $850. I have already reported it but no one is refunding my money.,ESCALATE
I would like to know your branch opening hours on Saturday.,MONITOR
"Your ATM dispensed no cash but deducted $6,750 from my account. I have been waiting three days and nobody is helping.",ESCALATE
I forgot my online banking password and would like guidance on how to reset it myself.,MONITOR
I would like to request a replacement debit card as my current one is scratched and the chip does not read.,MONITOR
I was a victim of identity theft. Someone opened an account in my name and took out a loan. This needs to be escalated to your fraud team.,ESCALATE
Your ATM dispensed no cash but deducted $850 from my account. I have been waiting three days and nobody is helping.,ESCALATE
My account has been locked and I cannot access my salary. I need urgent help to release my funds today.,ESCALATE
I received a marketing email about a credit card offer. How do I opt out of these emails?,MONITOR
I forgot my online banking password and would like guidance on how to reset it myself.,MONITOR
"My card was cloned and used at another city for $1,200. I have already reported it but no one is refunding my money.",ESCALATE
I think my online banking was hacked. There are login attempts from a foreign country and I received an OTP I did not request.,ESCALATE
I think my online banking was hacked. There are login attempts from a foreign country and I received an OTP I did not request.,ESCALATE
"I am being overcharged by a subscription I never authorised and the amount is $1,200. This needs a refund urgently.",ESCALATE
I noticed a $1.50 administrative fee on my statement. Could you explain what this charge is for?,MONITOR
Can you tell me the current interest rate on my savings account?,MONITOR
I received a marketing email about a credit card offer. How do I opt out of these emails?,MONITOR
Your ATM dispensed no cash but deducted $320 from my account. I have been waiting three days and nobody is helping.,ESCALATE
Your bank wrongly closed my business account overnight and froze all my operating funds. I cannot pay my staff. This is urgent.,ESCALATE
I received a marketing email about a credit card offer. How do I opt out of these emails?,MONITOR
I would like to order a new chequebook. How long does it take to arrive?,MONITOR
I want to set up a recurring transfer to my savings account on payday. Is this something I can do in the app?,MONITOR
My credit card statement is not showing in the app. Could you refresh it on your end?,MONITOR
Your bank wrongly closed my business account overnight and froze all my operating funds. I cannot pay my staff. This is urgent.,ESCALATE
I would like to request a replacement debit card as my current one is scratched and the chip does not read.,MONITOR
Could you please help me update my mailing address on file? I moved house last month.,MONITOR
"I received a call from someone claiming to be from your fraud department asking for my PIN. I think I was scammed and now $12,400 is missing.",ESCALATE
Can you tell me the current interest rate on my savings account?,MONITOR
Could you please help me update my mailing address on file? I moved house last month.,MONITOR
I think my online banking was hacked. There are login attempts from a foreign country and I received an OTP I did not request.,ESCALATE
"I just checked my account and there is an unauthorized transaction of $12,400 that I did not make. Someone must have used my card. This is fraud.",ESCALATE
Could you please help me update my mailing address on file? I moved house last month.,MONITOR
Could you please help me update my mailing address on file? I moved house last month.,MONITOR
My account has been locked and I cannot access my salary. I need urgent help to release my funds today.,ESCALATE
Can you tell me the current interest rate on my savings account?,MONITOR
There is a suspicious standing instruction I never set up that is transferring $480 every week to an unknown account. Please stop it now.,ESCALATE
My account has been locked and I cannot access my salary. I need urgent help to release my funds today.,ESCALATE
I forgot my online banking password and would like guidance on how to reset it myself.,MONITOR
"I am being overcharged by a subscription I never authorised and the amount is $15,000. This needs a refund urgently.",ESCALATE
I need a copy of my account statement for the past six months for my landlord.,MONITOR
I noticed a $5 administrative fee on my statement. Could you explain what this charge is for?,MONITOR
I would like to request a replacement debit card as my current one is scratched and the chip does not read.,MONITOR
My credit card statement is not showing in the app. Could you refresh it on your end?,MONITOR
I need a copy of my account statement for the past six months for my landlord.,MONITOR
I would like to order a new chequebook. How long does it take to arrive?,MONITOR
I think my online banking was hacked. There are login attempts from a foreign country and I received an OTP I did not request.,ESCALATE
I want to set up a recurring transfer to my savings account on payday. Is this something I can do in the app?,MONITOR
Could you please help me update my mailing address on file? I moved house last month.,MONITOR
"My card was cloned and used at a restaurant for $6,750. I have already reported it but no one is refunding my money.",ESCALATE
Could you please waive the monthly account fee for this month as I am a student?,MONITOR
Could you please waive the monthly account fee for this month as I am a student?,MONITOR
I think my online banking was hacked. There are login attempts from a foreign country and I received an OTP I did not request.,ESCALATE
"Money has gone missing from my account. I had $2,100 in my balance this morning and now it is gone. I need this investigated immediately.",ESCALATE
"I received a call from someone claiming to be from your fraud department asking for my PIN. I think I was scammed and now $6,750 is missing.",ESCALATE
I received a marketing email about a credit card offer. How do I opt out of these emails?,MONITOR
Can you tell me the current interest rate on my savings account?,MONITOR
I received a marketing email about a credit card offer. How do I opt out of these emails?,MONITOR
I want to set up a recurring transfer to my savings account on payday. Is this something I can do in the app?,MONITOR
I would like to request a replacement debit card as my current one is scratched and the chip does not read.,MONITOR
My credit card statement is not showing in the app. Could you refresh it on your end?,MONITOR
I just checked my account and there is an unauthorized transaction of $850 that I did not make. Someone must have used my card. This is fraud.,ESCALATE
I would like to order a new chequebook. How long does it take to arrive?,MONITOR
I forgot my online banking password and would like guidance on how to reset it myself.,MONITOR
"Money has gone missing from my account. I had $2,100 in my balance this morning and now it is gone. I need this investigated immediately.",ESCALATE
My account has been locked and I cannot access my salary. I need urgent help to release my funds today.,ESCALATE
"I am being overcharged by a subscription I never authorised and the amount is $12,400. This needs a refund urgently.",ESCALATE
I received a marketing email about a credit card offer. How do I opt out of these emails?,MONITOR
Could you please waive the monthly account fee for this month as I am a student?,MONITOR
I forgot my online banking password and would like guidance on how to reset it myself.,MONITOR
"Your ATM dispensed no cash but deducted $2,100 from my account. I have been waiting three days and nobody is helping.",ESCALATE
Your bank wrongly closed my business account overnight and froze all my operating funds. I cannot pay my staff. This is urgent.,ESCALATE
A cheque I deposited was bounced without explanation and now the payee is threatening legal action against me. I need a manager to call me today.,ESCALATE
Can you tell me the current interest rate on my savings account?,MONITOR
A cheque I deposited was bounced without explanation and now the payee is threatening legal action against me. I need a manager to call me today.,ESCALATE
I received a marketing email about a credit card offer. How do I opt out of these emails?,MONITOR
I forgot my online banking password and would like guidance on how to reset it myself.,MONITOR
My account has been locked and I cannot access my salary. I need urgent help to release my funds today.,ESCALATE
I would like to know your branch opening hours on Saturday.,MONITOR
"Your ATM dispensed no cash but deducted $12,400 from my account. I have been waiting three days and nobody is helping.",ESCALATE
Could you please help me update my mailing address on file? I moved house last month.,MONITOR
"Your ATM dispensed no cash but deducted $15,000 from my account. I have been waiting three days and nobody is helping.",ESCALATE
"My card was cloned and used at a restaurant for $6,750. I have already reported it but no one is refunding my money.",ESCALATE
A cheque I deposited was bounced without explanation and now the payee is threatening legal action against me. I need a manager to call me today.,ESCALATE
A cheque I deposited was bounced without explanation and now the payee is threatening legal action against me. I need a manager to call me today.,ESCALATE
Your bank wrongly closed my business account overnight and froze all my operating funds. I cannot pay my staff. This is urgent.,ESCALATE
I want to set up a recurring transfer to my savings account on payday. Is this something I can do in the app?,MONITOR
I noticed a $1.50 administrative fee on my statement. Could you explain what this charge is for?,MONITOR
"I just checked my account and there is an unauthorized transaction of $15,000 that I did not make. Someone must have used my card. This is fraud.",ESCALATE
Your bank wrongly closed my business account overnight and froze all my operating funds. I cannot pay my staff. This is urgent.,ESCALATE
I would like to request a replacement debit card as my current one is scratched and the chip does not read.,MONITOR
I would like to order a new chequebook. How long does it take to arrive?,MONITOR
I received a marketing email about a credit card offer. How do I opt out of these emails?,MONITOR
I received a marketing email about a credit card offer. How do I opt out of these emails?,MONITOR
My account has been locked and I cannot access my salary. I need urgent help to release my funds today.,ESCALATE
Could you please waive the monthly account fee for this month as I am a student?,MONITOR
"Money has gone missing from my account. I had $6,750 in my balance this morning and now it is gone. I need this investigated immediately.",ESCALATE
"Your ATM dispensed no cash but deducted $15,000 from my account. I have been waiting three days and nobody is helping.",ESCALATE
I would like to order a new chequebook. How long does it take to arrive?,MONITOR
I would like to know your branch opening hours on Saturday.,MONITOR
I forgot my online banking password and would like guidance on how to reset it myself.,MONITOR
A cheque I deposited was bounced without explanation and now the payee is threatening legal action against me. I need a manager to call me today.,ESCALATE
"I am being overcharged by a subscription I never authorised and the amount is $3,500. This needs a refund urgently.",ESCALATE
I would like to order a new chequebook. How long does it take to arrive?,MONITOR
Your bank wrongly closed my business account overnight and froze all my operating funds. I cannot pay my staff. This is urgent.,ESCALATE
My credit card statement is not showing in the app. Could you refresh it on your end?,MONITOR
"Your ATM dispensed no cash but deducted $1,200 from my account. I have been waiting three days and nobody is helping.",ESCALATE
I want to set up a recurring transfer to my savings account on payday. Is this something I can do in the app?,MONITOR
Can you tell me the current interest rate on my savings account?,MONITOR
"I am being overcharged by a subscription I never authorised and the amount is $12,400. This needs a refund urgently.",ESCALATE
I was a victim of identity theft. Someone opened an account in my name and took out a loan. This needs to be escalated to your fraud team.,ESCALATE
I want to set up a recurring transfer to my savings account on payday. Is this something I can do in the app?,MONITOR
I think my online banking was hacked. There are login attempts from a foreign country and I received an OTP I did not request.,ESCALATE
A cheque I deposited was bounced without explanation and now the payee is threatening legal action against me. I need a manager to call me today.,ESCALATE
Your bank wrongly closed my business account overnight and froze all my operating funds. I cannot pay my staff. This is urgent.,ESCALATE
My credit card statement is not showing in the app. Could you refresh it on your end?,MONITOR
My account has been locked and I cannot access my salary. I need urgent help to release my funds today.,ESCALATE
"My card was cloned and used at a restaurant for $15,000. I have already reported it but no one is refunding my money.",ESCALATE
"I am being overcharged by a subscription I never authorised and the amount is $3,500. This needs a refund urgently.",ESCALATE
I received a marketing email about a credit card offer. How do I opt out of these emails?,MONITOR
I think my online banking was hacked. There are login attempts from a foreign country and I received an OTP I did not request.,ESCALATE
My card was cloned and used at another city for $850. I have already reported it but no one is refunding my money.,ESCALATE
Your bank wrongly closed my business account overnight and froze all my operating funds. I cannot pay my staff. This is urgent.,ESCALATE
My credit card statement is not showing in the app. Could you refresh it on your end?,MONITOR
I received a marketing email about a credit card offer. How do I opt out of these emails?,MONITOR
"There is a suspicious standing instruction I never set up that is transferring $12,400 every week to an unknown account. Please stop it now.",ESCALATE
A cheque I deposited was bounced without explanation and now the payee is threatening legal action against me. I need a manager to call me today.,ESCALATE
"Money has gone missing from my account. I had $6,750 in my balance this morning and now it is gone. I need this investigated immediately.",ESCALATE
"Money has gone missing from my account. I had $6,750 in my balance this morning and now it is gone. I need this investigated immediately.",ESCALATE
"I just checked my account and there is an unauthorized transaction of $1,200 that I did not make. Someone must have used my card. This is fraud.",ESCALATE
I was a victim of identity theft. Someone opened an account in my name and took out a loan. This needs to be escalated to your fraud team.,ESCALATE
Could you please waive the monthly account fee for this month as I am a student?,MONITOR
I want to set up a recurring transfer to my savings account on payday. Is this something I can do in the app?,MONITOR
There is a suspicious standing instruction I never set up that is transferring $850 every week to an unknown account. Please stop it now.,ESCALATE
I just checked my account and there is an unauthorized transaction of $850 that I did not make. Someone must have used my card. This is fraud.,ESCALATE
"I am being overcharged by a subscription I never authorised and the amount is $15,000. This needs a refund urgently.",ESCALATE
"Your ATM dispensed no cash but deducted $6,750 from my account. I have been waiting three days and nobody is helping.",ESCALATE
Could you please help me update my mailing address on file? I moved house last month.,MONITOR
A cheque I deposited was bounced without explanation and now the payee is threatening legal action against me. I need a manager to call me today.,ESCALATE
I received a call from someone claiming to be from your fraud department asking for my PIN. I think I was scammed and now $850 is missing.,ESCALATE
I forgot my online banking password and would like guidance on how to reset it myself.,MONITOR
My account has been locked and I cannot access my salary. I need urgent help to release my funds today.,ESCALATE
I would like to request a replacement debit card as my current one is scratched and the chip does not read.,MONITOR
I was a victim of identity theft. Someone opened an account in my name and took out a loan. This needs to be escalated to your fraud team.,ESCALATE
My account has been locked and I cannot access my salary. I need urgent help to release my funds today.,ESCALATE
My credit card statement is not showing in the app. Could you refresh it on your end?,MONITOR
I was a victim of identity theft. Someone opened an account in my name and took out a loan. This needs to be escalated to your fraud team.,ESCALATE
I received a call from someone claiming to be from your fraud department asking for my PIN. I think I was scammed and now $480 is missing.,ESCALATE
Could you please waive the monthly account fee for this month as I am a student?,MONITOR
I want to set up a recurring transfer to my savings account on payday. Is this something I can do in the app?,MONITOR
"Money has gone missing from my account. I had $12,400 in my balance this morning and now it is gone. I need this investigated immediately.",ESCALATE
"There is a suspicious standing instruction I never set up that is transferring $1,200 every week to an unknown account. Please stop it now.",ESCALATE
I want to set up a recurring transfer to my savings account on payday. Is this something I can do in the app?,MONITOR
I would like to order a new chequebook. How long does it take to arrive?,MONITOR
Can you tell me the current interest rate on my savings account?,MONITOR
Could you please waive the monthly account fee for this month as I am a student?,MONITOR
I would like to request a replacement debit card as my current one is scratched and the chip does not read.,MONITOR
I want to set up a recurring transfer to my savings account on payday. Is this something I can do in the app?,MONITOR
"My card was cloned and used at a shopping mall for $15,000. I have already reported it but no one is refunding my money.",ESCALATE
Can you tell me the current interest rate on my savings account?,MONITOR
I think my online banking was hacked. There are login attempts from a foreign country and I received an OTP I did not request.,ESCALATE
"My card was cloned and used at a shopping mall for $1,200. I have already reported it but no one is refunding my money.",ESCALATE
I received a marketing email about a credit card offer. How do I opt out of these emails?,MONITOR
"I just checked my account and there is an unauthorized transaction of $15,000 that I did not make. Someone must have used my card. This is fraud.",ESCALATE
There is a suspicious standing instruction I never set up that is transferring $850 every week to an unknown account. Please stop it now.,ESCALATE
"I am being overcharged by a subscription I never authorised and the amount is $1,200. This needs a refund urgently.",ESCALATE
I think my online banking was hacked. There are login attempts from a foreign country and I received an OTP I did not request.,ESCALATE
I would like to order a new chequebook. How long does it take to arrive?,MONITOR
I want to set up a recurring transfer to my savings account on payday. Is this something I can do in the app?,MONITOR
I would like to order a new chequebook. How long does it take to arrive?,MONITOR
Your bank wrongly closed my business account overnight and froze all my operating funds. I cannot pay my staff. This is urgent.,ESCALATE
"There is a suspicious standing instruction I never set up that is transferring $6,750 every week to an unknown account. Please stop it now.",ESCALATE
Could you please help me update my mailing address on file? I moved house last month.,MONITOR
I would like to request a replacement debit card as my current one is scratched and the chip does not read.,MONITOR
Your bank wrongly closed my business account overnight and froze all my operating funds. I cannot pay my staff. This is urgent.,ESCALATE
I would like to request a replacement debit card as my current one is scratched and the chip does not read.,MONITOR
Your bank wrongly closed my business account overnight and froze all my operating funds. I cannot pay my staff. This is urgent.,ESCALATE
My card was cloned and used at an online store for $320. I have already reported it but no one is refunding my money.,ESCALATE
My credit card statement is not showing in the app. Could you refresh it on your end?,MONITOR
"I received a call from someone claiming to be from your fraud department asking for my PIN. I think I was scammed and now $6,750 is missing.",ESCALATE
I think my online banking was hacked. There are login attempts from a foreign country and I received an OTP I did not request.,ESCALATE
My credit card statement is not showing in the app. Could you refresh it on your end?,MONITOR
"I received a call from someone claiming to be from your fraud department asking for my PIN. I think I was scammed and now $1,200 is missing.",ESCALATE
I received a marketing email about a credit card offer. How do I opt out of these emails?,MONITOR
Could you please waive the monthly account fee for this month as I am a student?,MONITOR
"I am being overcharged by a subscription I never authorised and the amount is $15,000. This needs a refund urgently.",ESCALATE
My credit card statement is not showing in the app. Could you refresh it on your end?,MONITOR
I just checked my account and there is an unauthorized transaction of $850 that I did not make. Someone must have used my card. This is fraud.,ESCALATE
My credit card statement is not showing in the app. Could you refresh it on your end?,MONITOR
A cheque I deposited was bounced without explanation and now the payee is threatening legal action against me. I need a manager to call me today.,ESCALATE
I received a marketing email about a credit card offer. How do I opt out of these emails?,MONITOR
I was a victim of identity theft. Someone opened an account in my name and took out a loan. This needs to be escalated to your fraud team.,ESCALATE
I received a marketing email about a credit card offer. How do I opt out of these emails?,MONITOR
I received a marketing email about a credit card offer. How do I opt out of these emails?,MONITOR
I want to set up a recurring transfer to my savings account on payday. Is this something I can do in the app?,MONITOR
Could you please help me update my mailing address on file? I moved house last month.,MONITOR
"My card was cloned and used at a petrol station for $2,100. I have already reported it but no one is refunding my money.",ESCALATE
I want to set up a recurring transfer to my savings account on payday. Is this something I can do in the app?,MONITOR
I was a victim of identity theft. Someone opened an account in my name and took out a loan. This needs to be escalated to your fraud team.,ESCALATE
"I received a call from someone claiming to be from your fraud department asking for my PIN. I think I was scammed and now $1,200 is missing.",ESCALATE
I noticed a $5 administrative fee on my statement. Could you explain what this charge is for?,MONITOR
Can you tell me the current interest rate on my savings account?,MONITOR
Can you tell me the current interest rate on my savings account?,MONITOR
I was a victim of identity theft. Someone opened an account in my name and took out a loan. This needs to be escalated to your fraud team.,ESCALATE
I want to set up a recurring transfer to my savings account on payday. Is this something I can do in the app?,MONITOR
I would like to order a new chequebook. How long does it take to arrive?,MONITOR
Could you please help me update my mailing address on file? I moved house last month.,MONITOR
I want to set up a recurring transfer to my savings account on payday. Is this something I can do in the app?,MONITOR
"I just checked my account and there is an unauthorized transaction of $1,200 that I did not make. Someone must have used my card. This is fraud.",ESCALATE
Your bank wrongly closed my business account overnight and froze all my operating funds. I cannot pay my staff. This is urgent.,ESCALATE
I forgot my online banking password and would like guidance on how to reset it myself.,MONITOR
Could you please help me update my mailing address on file? I moved house last month.,MONITOR
I was a victim of identity theft. Someone opened an account in my name and took out a loan. This needs to be escalated to your fraud team.,ESCALATE
I noticed a $10 administrative fee on my statement. Could you explain what this charge is for?,MONITOR
"Your ATM dispensed no cash but deducted $1,200 from my account. I have been waiting three days and nobody is helping.",ESCALATE
I received a marketing email about a credit card offer. How do I opt out of these emails?,MONITOR
Could you please waive the monthly account fee for this month as I am a student?,MONITOR
I need a copy of my account statement for the past six months for my landlord.,MONITOR
"I am being overcharged by a subscription I never authorised and the amount is $12,400. This needs a refund urgently.",ESCALATE
My credit card statement is not showing in the app. Could you refresh it on your end?,MONITOR
My credit card statement is not showing in the app. Could you refresh it on your end?,MONITOR
I just checked my account and there is an unauthorized transaction of $850 that I did not make. Someone must have used my card. This is fraud.,ESCALATE
I want to set up a recurring transfer to my savings account on payday. Is this something I can do in the app?,MONITOR
"There is a suspicious standing instruction I never set up that is transferring $1,200 every week to an unknown account. Please stop it now.",ESCALATE
Could you please help me update my mailing address on file? I moved house last month.,MONITOR
I was a victim of identity theft. Someone opened an account in my name and took out a loan. This needs to be escalated to your fraud team.,ESCALATE
"I received a call from someone claiming to be from your fraud department asking for my PIN. I think I was scammed and now $15,000 is missing.",ESCALATE
I need a copy of my account statement for the past six months for my landlord.,MONITOR
I want to set up a recurring transfer to my savings account on payday. Is this something I can do in the app?,MONITOR
My account has been locked and I cannot access my salary. I need urgent help to release my funds today.,ESCALATE
Could you please help me update my mailing address on file? I moved house last month.,MONITOR
"Your ATM dispensed no cash but deducted $1,200 from my account. I have been waiting three days and nobody is helping.",ESCALATE
"Your ATM dispensed no cash but deducted $3,500 from my account. I have been waiting three days and nobody is helping.",ESCALATE
I received a marketing email about a credit card offer. How do I opt out of these emails?,MONITOR
My credit card statement is not showing in the app. Could you refresh it on your end?,MONITOR
I noticed a $1.50 administrative fee on my statement. Could you explain what this charge is for?,MONITOR
I was a victim of identity theft. Someone opened an account in my name and took out a loan. This needs to be escalated to your fraud team.,ESCALATE
"There is a suspicious standing instruction I never set up that is transferring $12,400 every week to an unknown account. Please stop it now.",ESCALATE
My account has been locked and I cannot access my salary. I need urgent help to release my funds today.,ESCALATE
I was a victim of identity theft. Someone opened an account in my name and took out a loan. This needs to be escalated to your fraud team.,ESCALATE
I was a victim of identity theft. Someone opened an account in my name and took out a loan. This needs to be escalated to your fraud team.,ESCALATE
I received a call from someone claiming to be from your fraud department asking for my PIN. I think I was scammed and now $850 is missing.,ESCALATE
My account has been locked and I cannot access my salary. I need urgent help to release my funds today.,ESCALATE
I noticed a $10 administrative fee on my statement. Could you explain what this charge is for?,MONITOR
"Money has gone missing from my account. I had $15,000 in my balance this morning and now it is gone. I need this investigated immediately.",ESCALATE
Your bank wrongly closed my business account overnight and froze all my operating funds. I cannot pay my staff. This is urgent.,ESCALATE
Your bank wrongly closed my business account overnight and froze all my operating funds. I cannot pay my staff. This is urgent.,ESCALATE
I would like to know your branch opening hours on Saturday.,MONITOR
I received a marketing email about a credit card offer. How do I opt out of these emails?,MONITOR
"There is a suspicious standing instruction I never set up that is transferring $1,200 every week to an unknown account. Please stop it now.",ESCALATE
My card was cloned and used at a petrol station for $850. I have already reported it but no one is refunding my money.,ESCALATE
Could you please help me update my mailing address on file? I moved house last month.,MONITOR
My credit card statement is not showing in the app. Could you refresh it on your end?,MONITOR
I forgot my online banking password and would like guidance on how to reset it myself.,MONITOR
I would like to know your branch opening hours on Saturday.,MONITOR
"I am being overcharged by a subscription I never authorised and the amount is $12,400. This needs a refund urgently.",ESCALATE
I would like to know your branch opening hours on Saturday.,MONITOR
Could you please waive the monthly account fee for this month as I am a student?,MONITOR
I received a marketing email about a credit card offer. How do I opt out of these emails?,MONITOR
I was a victim of identity theft. Someone opened an account in my name and took out a loan. This needs to be escalated to your fraud team.,ESCALATE
I need a copy of my account statement for the past six months for my landlord.,MONITOR
I would like to order a new chequebook. How long does it take to arrive?,MONITOR
There is a suspicious standing instruction I never set up that is transferring $320 every week to an unknown account. Please stop it now.,ESCALATE
I need a copy of my account statement for the past six months for my landlord.,MONITOR
I would like to order a new chequebook. How long does it take to arrive?,MONITOR
Money has gone missing from my account. I had $320 in my balance this morning and now it is gone. I need this investigated immediately.,ESCALATE
My credit card statement is not showing in the app. Could you refresh it on your end?,MONITOR
A cheque I deposited was bounced without explanation and now the payee is threatening legal action against me. I need a manager to call me today.,ESCALATE
I would like to request a replacement debit card as my current one is scratched and the chip does not read.,MONITOR
My credit card statement is not showing in the app. Could you refresh it on your end?,MONITOR
Can you tell me the current interest rate on my savings account?,MONITOR
I received a marketing email about a credit card offer. How do I opt out of these emails?,MONITOR
My account has been locked and I cannot access my salary. I need urgent help to release my funds today.,ESCALATE
"I am being overcharged by a subscription I never authorised and the amount is $12,400. This needs a refund urgently.",ESCALATE
I just checked my account and there is an unauthorized transaction of $480 that I did not make. Someone must have used my card. This is fraud.,ESCALATE
Can you tell me the current interest rate on my savings account?,MONITOR
I received a marketing email about a credit card offer. How do I opt out of these emails?,MONITOR
"Money has gone missing from my account. I had $2,100 in my balance this morning and now it is gone. I need this investigated immediately.",ESCALATE
"Your ATM dispensed no cash but deducted $6,750 from my account. I have been waiting three days and nobody is helping.",ESCALATE
Money has gone missing from my account. I had $850 in my balance this morning and now it is gone. I need this investigated immediately.,ESCALATE
My credit card statement is not showing in the app. Could you refresh it on your end?,MONITOR
My credit card statement is not showing in the app. Could you refresh it on your end?,MONITOR
I would like to order a new chequebook. How long does it take to arrive?,MONITOR
"Your ATM dispensed no cash but deducted $12,400 from my account. I have been waiting three days and nobody is helping.",ESCALATE
My account has been locked and I cannot access my salary. I need urgent help to release my funds today.,ESCALATE
Money has gone missing from my account. I had $850 in my balance this morning and now it is gone. I need this investigated immediately.,ESCALATE
Could you please help me update my mailing address on file? I moved house last month.,MONITOR
I forgot my online banking password and would like guidance on how to reset it myself.,MONITOR
A cheque I deposited was bounced without explanation and now the payee is threatening legal action against me. I need a manager to call me today.,ESCALATE
"I received a call from someone claiming to be from your fraud department asking for my PIN. I think I was scammed and now $1,200 is missing.",ESCALATE
"I just checked my account and there is an unauthorized transaction of $1,200 that I did not make. Someone must have used my card. This is fraud.",ESCALATE
Money has gone missing from my account. I had $850 in my balance this morning and now it is gone. I need this investigated immediately.,ESCALATE
Can you tell me the current interest rate on my savings account?,MONITOR
I noticed a $2 administrative fee on my statement. Could you explain what this charge is for?,MONITOR
My account has been locked and I cannot access my salary. I need urgent help to release my funds today.,ESCALATE
Can you tell me the current interest rate on my savings account?,MONITOR
I received a marketing email about a credit card offer. How do I opt out of these emails?,MONITOR
"There is a suspicious standing instruction I never set up that is transferring $15,000 every week to an unknown account. Please stop it now.",ESCALATE
Could you please waive the monthly account fee for this month as I am a student?,MONITOR
"There is a suspicious standing instruction I never set up that is transferring $3,500 every week to an unknown account. Please stop it now.",ESCALATE
"There is a suspicious standing instruction I never set up that is transferring $2,100 every week to an unknown account. Please stop it now.",ESCALATE
There is a suspicious standing instruction I never set up that is transferring $320 every week to an unknown account. Please stop it now.,ESCALATE
"I am being overcharged by a subscription I never authorised and the amount is $6,750. This needs a refund urgently.",ESCALATE
"There is a suspicious standing instruction I never set up that is transferring $1,200 every week to an unknown account. Please stop it now.",ESCALATE
I would like to request a replacement debit card as my current one is scratched and the chip does not read.,MONITOR
I need a copy of my account statement for the past six months for my landlord.,MONITOR
